id,dG,sequence,length,ml_score
pep_0304,-12.1,KWCFVCYRGICYRRCG,16.0,0.8684999999999999
pep_0169,-10.93,KKIASIGKEVLKAL,14.0,0.79
pep_0030,-10.46,VVYTLKRNGRTLYGF,15.0,0.7241176470588235
pep_0068,-10.37,GFWGKLWEGVKNAI,14.0,0.82
pep_0253,-10.19,KILGKLWKGVKSIF,14.0,0.7985
pep_0157,-10.12,INWKKIFEKVSNLV,14.0,0.99
pep_0054,-10.09,LNLKGLIKKVASLLN,15.0,0.85
pep_0193,-10.04,VNWKKILGKIIKVVK,15.0,0.5904244882326839
pep_0067,-10.03,GFWGKLWEGVKSAI,14.0,0.805
pep_0241,-10.0,AKKFGKAFVGEIM,13.0,0.86
pep_0394,-9.963,WWKAAAKAAAKWW,13.0,0.875
pep_0023,-9.811,FLKPLFNAALKLLP,14.0,0.9
pep_0215,-9.787,VSWKKSLGKIIKVVK,15.0,0.905
pep_0064,-9.739,,,
pep_0429,-9.717,KLLGPLLKIAAKVGSNLL,18.0,0.985
pep_0430,-9.706,GLLGKLLKIAAKVGSNLL,18.0,0.955
pep_0047,-9.705,GFLSALKKYLPIVLKHV,17.0,0.8764
pep_0269,-9.672,GIHDIAKYGKPS,12.0,0.88
pep_0277,-9.656,FLKALWNVAKSVF,13.0,0.87
pep_0122,-9.61,AFRKQLKW,8.0,0.905
pep_0011,-9.594,,,
pep_0042,-9.557,ILGKIWEGIKSLF,13.0,0.825
pep_0392,-9.511,WIKAAAKAAAKIW,13.0,0.946842105263158
pep_0159,-9.509,INWKSIFEKVKNLV,14.0,0.985
pep_0205,-9.495,INWKKIASIGKEV,13.0,0.8576923076923078
pep_0389,-9.491,ITKVITKLLNRLTKILSK,18.0,0.78
pep_0101,-9.488,ILGKIWKGIKSLF,13.0,0.8061290322580645
pep_0085,-9.488,,,
pep_0010,-9.471,FLSLIPHAINAVSAIAKHN,19.0,0.755
pep_0161,-9.454,INWLKLGKKILGAI,14.0,0.985
pep_0102,-9.449,,,
pep_0038,-9.422,,,
pep_0383,-9.422,GWAKLITKAIKKI,13.0,0.695
pep_0391,-9.396,WVKAAAKAAAKVW,13.0,0.9404688259109312
pep_0069,-9.393,FWGKLWEGVKNAI,13.0,0.82
pep_0155,-9.388,INWSSIFEKVKNLV,14.0,0.735
pep_0374,-9.384,,,
pep_0290,-9.366,GFGSLLGKALRLGANVL,17.0,0.68
pep_0057,-9.344,INWKKIAEVGGKILSSL,17.0,0.885
pep_0334,-9.33,,,
pep_0113,-9.307,APKGVQGPNG,10.0,0.75
pep_0258,-9.3,,,
pep_0181,-9.289,,,
pep_0339,-9.278,WGRAFSAGVHRLARGGRG,18.0,0.775
pep_0114,-9.254,CVKVQVKVGSGVKVQVKVC,19.0,0.835
pep_0439,-9.227,LLNSGVKLGTKLLSGLLN,18.0,0.63
pep_0320,-9.207,ILKKIWKPIKKLF,13.0,0.95
pep_0310,-9.187,GIMISLMKKLAAHIAK,16.0,0.54
pep_0208,-9.184,AAKIILNPKFRCKAAFC,17.0,0.77
pep_0379,-9.18,FLKALWKVAKSVF,13.0,0.95
pep_0086,-9.155,,,
pep_0249,-9.144,GILGKLWKGVKSIF,14.0,0.7371875
pep_0100,-9.142,ILGKIAEGIKSLF,13.0,0.84
pep_0066,-9.128,GFWGSLWEGVKSVV,14.0,0.715
pep_0204,-9.109,KIASIGKEVLKAL,13.0,0.83
pep_0154,-9.102,INWSKIFEKVKNLV,14.0,0.99
pep_0378,-9.094,FLGALWNVAKSYF,13.0,0.765
pep_0311,-9.093,GIMSSLMKKLAKIIAK,16.0,0.85
pep_0236,-9.076,PSVQGAAAQLTADVKK,16.0,0.66
pep_0279,-9.071,FLGELWNVAKSVF,13.0,0.79
pep_0382,-9.055,FLKALWKVAKKVF,13.0,0.71
pep_0156,-9.046,INWSSIFESVKNLV,14.0,0.655
pep_0172,-9.043,INWKKIASIGKEVL,14.0,0.945
pep_0283,-9.036,GLTRLFSVIK,10.0,0.825
pep_0048,-9.027,INWLKLGKKILGAL,14.0,0.985
pep_0192,-9.011,VNWKKILGKIIKVAK,15.0,0.9826923076923078
pep_0027,-9.004,KKLFKKILKYL,11.0,0.65
pep_0257,-8.999,FVPWFSKFLGRIL,13.0,0.6414752858109652
pep_0168,-8.979,WKKIASIGKEVLKAL,15.0,0.575
pep_0225,-8.964,VNWKKILPKIIKVAK,15.0,0.935
pep_0340,-8.958,WGRAFSAGVHRLANGGNG,18.0,0.735
pep_0343,-8.958,GILSSLWKKLKKWIAK,16.0,0.875
pep_0380,-8.951,FLKALWNVAKKVF,13.0,0.895
pep_0184,-8.946,FLSTIWNGIKGLL,13.0,0.644388888888889
pep_0164,-8.937,INWLKLGKKIISAL,14.0,0.98
pep_0222,-8.932,VNWKKVLPKIIKVAK,15.0,0.985
pep_0043,-8.926,PFKISIHL,8.0,0.8018421052631579
pep_0244,-8.923,LNWGAILKHIIK,12.0,0.7858333333333334
pep_0049,-8.918,INWKKIFEKVKNLV,14.0,0.945
pep_0268,-8.908,GIHDALKYGKPS,12.0,0.91
pep_0165,-8.892,INWLKLGKKLLSAL,14.0,0.945
pep_0056,-8.873,INWLKLGKAIIDAL,14.0,0.87
pep_0091,-8.869,WKKIPKFLHLAKKF,14.0,0.845
pep_0412,-8.861,FLQRIRGALGRLF,13.0,0.87
pep_0191,-8.837,VNWKKVLGKIIKVAK,15.0,0.9626923076923076
pep_0052,-8.83,INWKGIAAMKKLL,13.0,0.5774632293751005
pep_0251,-8.792,SILGKLWKGVKSIF,14.0,0.8785
pep_0188,-8.791,GIHDILKYGKPS,12.0,0.96
pep_0355,-8.743,LKKLLKLDKKLLKLAG,16.0,0.895
pep_0162,-8.742,INFLKLGKKILGAL,14.0,0.9468099547511312
pep_0002,-8.739,,,
pep_0278,-8.712,FLGALWNVAKKVF,13.0,0.915945945945946
pep_0280,-8.712,FLGELWNVWKSVF,13.0,0.755
pep_0090,-8.71,WFKKIPKFLHLAKKF,15.0,0.89
pep_0271,-8.705,GIHDILKAGKPS,12.0,0.91
pep_0413,-8.693,FLQRIIRALGRLF,13.0,0.875
pep_0080,-8.693,FKCRAWQWRMKKLGA,15.0,0.96
pep_0267,-8.69,GIHAILKYGKPS,12.0,0.8384999999999999
pep_0381,-8.682,FLGALWKVAKKVF,13.0,0.92
pep_0221,-8.677,VNWKKVLAKIIKVAK,15.0,0.9
pep_0238,-8.674,GFGKAFHSVSNFAKKHKTA,19.0,0.61
pep_0272,-8.669,GIHDILKYGAPS,12.0,0.86
pep_0321,-8.667,ILKKIWKAIKKLF,13.0,0.8
pep_0376,-8.658,SFLTTVKKLVTNLAAL,16.0,0.735
pep_0309,-8.643,GIMSSLMKKLAKIIKK,16.0,1.0
pep_0354,-8.643,AAKAAAKAAAKAA,13.0,0.89
pep_0226,-8.638,NVWKKILGKIIKVVK,15.0,0.8590095903688427
pep_0401,-8.633,TLKQFAKGVGKWLVK,15.0,0.82
pep_0291,-8.58,KFWSLLKKALRLWANVL,17.0,0.8221875
pep_0298,-8.569,FFSLIPSLVKKLIKAFK,17.0,0.9
pep_0151,-8.535,INWKKIFEKVKDLV,14.0,0.8271875
pep_0223,-8.53,NVWKKILGKIIKVAK,15.0,0.98
pep_0163,-8.53,INWKKLGKKILGAL,14.0,0.8138888888888889
pep_0224,-8.525,VNWKKILAKIIKVAK,15.0,0.925
pep_0297,-8.524,GCRALCYKQRCVTYCRGA,18.0,0.8841176470588235
pep_0387,-8.509,CGIYRSLKLIKSLVLIK,17.0,0.875
pep_0015,-8.496,KVHGSLARAGK,11.0,0.735
pep_0026,-8.494,GFKDLLKGAAKALVKTVLF,19.0,0.79
pep_0250,-8.488,LILGKLWKGVKSIF,14.0,0.97
pep_0065,-8.482,FFGHLFKLATKIIPSLFQ,18.0,0.8
pep_0227,-8.469,,,
pep_0153,-8.467,IDWKKIFEKVKDLV,14.0,0.755
pep_0166,-8.466,INWKKIASIGKEVLKAI,17.0,0.94
pep_0410,-8.462,GLLKRIKALL,10.0,0.8069999999999999
pep_0220,-8.461,NVWKKVLGKIIKVAK,15.0,0.9841176470588234
pep_0233,-8.457,GLAANFLPKIFCKITRKC,18.0,0.67
pep_0206,-8.451,INMKASAAVAKKLL,14.0,0.585
pep_0252,-8.446,FILGKLWKGVKSIF,14.0,0.935
pep_0417,-8.445,GLSRLFTALK,10.0,0.805
pep_0314,-8.439,HKCAKIKWRGVHVKYCA,17.0,0.815
pep_0058,-8.413,INWKKIAEIGKQVLSAL,17.0,0.895
pep_0255,-8.408,ILGKLWEGLKSLF,13.0,0.83
pep_0050,-8.408,INWKKIASIGKEVLKAL,17.0,0.96
pep_0133,-8.407,LLKWLKKWLKK,11.0,0.84
pep_0203,-8.406,INSLKLGKKILGAL,14.0,0.8941176470588235
pep_0019,-8.4,GLFDIIKKIAESF,13.0,0.715
pep_0234,-8.396,ANFLPKIFCKITRKC,15.0,0.5791176470588235
pep_0286,-8.384,VRFKLLSHSLLVTLASHL,18.0,0.8246290322580644
pep_0178,-8.377,IDWLKLGKMVIDAL,14.0,0.85
pep_0396,-8.368,CFLPKLFAKITKKNMAHIR,19.0,0.92
pep_0248,-8.364,RLKKIGKVLKWI,12.0,0.715
pep_0024,-8.36,NFLGTLVNLAKKIL,14.0,0.83
pep_0174,-8.359,INWKKGKEVLKAL,13.0,0.8
pep_0158,-8.339,INWKKIFESVKNLV,14.0,0.9641176470588236
pep_0093,-8.326,WKKIPKFLHLLKKF,14.0,0.8
pep_0399,-8.316,,,
pep_0212,-8.312,FIKRIARLLRKIF,13.0,0.825
pep_0397,-8.307,,,
pep_0150,-8.305,INWKKIFQKVKNLV,14.0,0.885
pep_0167,-8.304,NWKKIASIGKEVLKAL,16.0,0.98
pep_0335,-8.289,GAKALTKAATAFTKFYKTIW,20.0,0.805
pep_0160,-8.28,NIWKKIFEKVKNLV,14.0,0.865
pep_0087,-8.262,KWKLFKKVLKVLTTG,15.0,0.755
pep_0288,-8.258,KLLKWWKKLL,10.0,0.93
pep_0044,-8.24,TPFKISIHL,9.0,0.705
pep_0171,-8.235,INWKKIASIGKEVLK,15.0,0.9
pep_0276,-8.225,KKLFKKILKYLA,12.0,0.765945945945946
pep_0317,-8.222,RIIRPIIQIIKQKIR,15.0,0.775
pep_0434,-8.221,GLLGKLLKIAAKVGKKLL,18.0,0.86
pep_0416,-8.219,FLQRIIGAWGRLL,13.0,0.9049007444168734
pep_0418,-8.181,GFKDLLKGAAKALVKAVLF,19.0,0.7630921052631578
pep_0189,-8.181,RCICTRGFCRCICTRGFC,18.0,0.915
pep_0284,-8.181,KLLKHKLLVTLA,12.0,0.77
pep_0180,-8.179,,,
pep_0041,-8.178,IDWKKLLDAAKQIL,14.0,0.755
pep_0055,-8.172,LNLKGLFKKVASLLT,15.0,0.92
pep_0177,-8.161,SNWKKIASIGKEVLKAL,17.0,0.615
pep_0346,-8.159,GILSSLWKKLKKIIAK,16.0,0.9935
pep_0173,-8.155,IWNKIAKSIGKVLEKAL,17.0,0.98
pep_0152,-8.109,IDWKKIFEKVKNLV,14.0,0.7721875
pep_0123,-8.097,LFRKQLKW,8.0,0.95
pep_0256,-8.088,IDWKKLLNAAKQIL,14.0,0.835
pep_0053,-8.081,LNLKGIFKKVASLLT,15.0,0.95
pep_0092,-8.051,WFKKIPKFLHLLKKF,15.0,0.91
pep_0270,-8.048,GIHDILAYGKPS,12.0,0.845
pep_0200,-8.047,GLFDKLKSLVSDF,13.0,0.765
pep_0146,-8.046,GLFDIVKKLVSDF,13.0,0.78
pep_0083,-8.045,KWKLFKKGIGAVLKV,15.0,0.865
pep_0228,-8.027,VNWKKILPKIIKVVK,15.0,0.8424728506787332
pep_0266,-8.014,GIADILKYGKPS,12.0,0.855
pep_0344,-7.985,GILSSLLKKLKKWIAK,16.0,0.995
pep_0142,-7.978,LLKKLLKWLKK,11.0,0.995
pep_0051,-7.936,INWKGIAAMAKKLL,14.0,0.905
pep_0356,-7.936,LKKLLKLEKKLLKLAG,16.0,0.885
pep_0352,-7.932,,,
pep_0282,-7.93,MNKVKEWIKYLKSLFSM,17.0,0.8509597523219814
pep_0134,-7.902,LLKWLLKWLKK,11.0,0.7
pep_0099,-7.896,KKLLKWLLKLL,11.0,0.825
pep_0294,-7.891,LLKKALRLWKKVL,13.0,0.795
pep_0147,-7.887,RLKLLLLLRLK,11.0,0.82
pep_0425,-7.886,LNLKALLAVAKK,12.0,0.8911923076923077
pep_0170,-7.884,INWKKIASIGKEVLKA,16.0,0.9791176470588234
pep_0377,-7.882,GLGALWNVAKSVF,13.0,0.5566334459459459
pep_0423,-7.881,LNLKKLLAVAKKIL,14.0,0.885
pep_0179,-7.865,IDWLKLGKMVMDVL,14.0,0.85
pep_0400,-7.856,KLALKALKALKAALKLA,17.0,0.735
pep_0287,-7.843,RRFKLLSHSLLVTLASHL,18.0,0.815
pep_0229,-7.838,,,
pep_0235,-7.837,GLGSVFGRLARILGRVIPKV,20.0,0.51
pep_0081,-7.829,KWKLFKKIGIGAVLKVLTTG,20.0,0.7624137931034483
pep_0195,-7.804,GRILSFIKGLAEHL,14.0,0.70125
pep_0137,-7.789,KWLKKLLKKLL,11.0,0.995
pep_0145,-7.786,LKKLLKKLLKW,11.0,0.95
pep_0281,-7.78,FFKLIPKLVKGLISAFK,17.0,0.85
pep_0285,-7.767,,,
pep_0414,-7.759,FLQRIIGRLGRLF,13.0,0.7456875
pep_0141,-7.758,LKKLLKWLKKL,11.0,0.995
pep_0021,-7.746,FLSHIAGFLSNLFGK,15.0,0.795
pep_0351,-7.742,,,
pep_0420,-7.72,LNLKALGAVAKKIL,14.0,0.98
pep_0424,-7.698,LNLKKLLKVAKKIL,14.0,0.81
pep_0034,-7.664,GALRGCWTKSYPPKPCK,17.0,0.835
pep_0144,-7.663,KKLLKKLLKWL,11.0,0.995
pep_0427,-7.652,LNLKKLAAVAKKIL,14.0,0.94
pep_0098,-7.651,KKLLKWLKKLL,11.0,0.995
pep_0088,-7.645,KWKLFKKLKVLTTGL,15.0,0.79
pep_0135,-7.642,LLKWLLKWLLK,11.0,0.64
pep_0140,-7.618,KLLKWLKKLLK,11.0,0.995
pep_0409,-7.611,ALLKRIKTLL,10.0,0.81
pep_0308,-7.604,GILSSLLKKLKKIIAK,16.0,0.97
pep_0435,-7.595,IRPIPFIPRGGKT,13.0,0.7380434782608696
pep_0139,-7.594,LLKWLKKLLKK,11.0,0.995
pep_0375,-7.563,FVKWWSKWLKKIL,13.0,0.63
pep_0046,-7.56,GFLSILKKVLPKVMAHMK,18.0,0.79
pep_0136,-7.546,WLKKLLKKLLK,11.0,0.995
pep_0230,-7.543,INLKILARLAKKIL,14.0,0.605
pep_0214,-7.52,VNWKKILGKSIKVSK,15.0,0.72
pep_0138,-7.504,LKWLKKLLKKL,11.0,0.995
pep_0143,-7.487,KLLKKLLKWLK,11.0,0.995
pep_0388,-7.418,ITEVITILLNRLTDRLEK,18.0,0.695
pep_0176,-7.407,KNWKKIASIGKEVLKAL,17.0,0.7976923076923077
pep_0007,-7.392,FLPKLFAKITKKNMAHIR,18.0,0.8026923076923077
pep_0349,-7.365,GIWSSLLKKLKKIIAK,16.0,0.97
pep_0175,-7.36,NIWKKIASIAKEVLKAL,17.0,0.89
pep_0345,-7.355,GILSSLLKKWKKIIAK,16.0,1.0
pep_0316,-7.348,KGCALVKVRGLTLKVCK,17.0,0.51
pep_0183,-7.337,VKGSWSKKFEVIA,13.0,0.8288888888888889
pep_0348,-7.333,GILSSWLKKLKKIIAK,16.0,1.0
pep_0437,-7.298,GLMGTLISKQMKK,13.0,0.815
pep_0421,-7.298,KNLKALLAVAKKIL,14.0,0.94
pep_0384,-7.29,GIKFFLKKLKKHI,13.0,0.825
pep_0148,-7.269,RLKLLLLRLK,10.0,0.925
pep_0070,-7.257,ALWKTLLKKVLKA,13.0,0.695
pep_0185,-7.227,GLLKRIKTLL,10.0,0.865
pep_0312,-7.211,GIMSSLMKKLKKIIAK,16.0,1.0
pep_0013,-7.198,LKLKSIVSWAKKVL,14.0,0.795
pep_0428,-7.189,,,
pep_0028,-7.172,FFPTIAGLTKLFCAITKKC,19.0,0.815
pep_0419,-7.171,GNLKALLAVAKKIL,14.0,0.98
pep_0426,-7.167,GNLKKLLAVAKKIL,14.0,0.875
pep_0296,-7.102,RLLKFIKKLL,10.0,0.725
pep_0239,-7.086,GFGPAFHSVSNFAKKHKTA,19.0,0.825
pep_0295,-7.035,KLLKFIKKLL,10.0,0.895
pep_0331,-7.014,GANAAKKLATFAKKIFTAYW,20.0,0.885
pep_0219,-7.011,KWCFCVCYRGICRCRCRG,18.0,0.6676923076923077
pep_0218,-6.963,KWCFCVCYRGICYCRCRG,18.0,0.78
pep_0059,-6.903,RCVCTRGFCRCVCTRGFC,18.0,0.92
pep_0315,-6.886,KIKWILKYWKWS,12.0,0.7018421052631578
pep_0422,-6.842,GNLKALAAVAKKIL,14.0,0.955479797979798
pep_0319,-6.745,KRIVKLLLKWLR,12.0,0.89
pep_0095,-6.571,KWKLFKKIPKFLHL,14.0,0.9
pep_0008,-6.37,AAPRGGKGFFCKLFKDC,17.0,0.835
pep_0342,-6.088,GILSSLWKKPKKIIAK,16.0,0.84
pep_0075,-5.928,RLARIVVIRVAR,12.0,0.975
pep_0246,-5.796,KKKKPLFGLFFGLF,14.0,0.82
pep_0001,-5.664,AALKGCWTKSIPPKPCFGKR,20.0,0.795
pep_0104,-5.244,VRLRIRVAVIRA,12.0,0.965
pep_0385,-5.121,KFRKFGKQVWVRL,13.0,0.57
pep_0072,-4.547,RLWRIVVIRVAR,12.0,0.625
pep_0005,-2.834,AVNIPFKVHFRCKAAFC,17.0,0.915
pep_0004,-2.322,ATNIPFKVHFRCKAAFC,17.0,0.86
pep_0110,-1.576,RLCRIVWVIRVCR,13.0,0.835
pep_0128,1.357,RIKRFWPVVIRTVVAGY,17.0,0.855
pep_0213,2.669,VNWKKSLGKSIKVVK,15.0,0.775
pep_0216,47.9,VNSKKISGKSIKVSK,15.0,0.525
pep_0129,52.52,RIKRFWPVVIRTVVAG,16.0,0.565
pep_0006,64.91,GLFSKFAGKGIVNFLIEGVE,20.0,0.695
pep_0084,77.46,KWKLFKKGAVLKVLT,15.0,0.77
pep_0217,78.91,VNSKKISPKSIKVSK,15.0,0.645
pep_0199,86.81,SNMIEGVFAKGFKKASH,17.0,0.855
pep_0082,152.9,,,
pep_0240,186.0,PDPAKTAPKKGSKKAVTKA,19.0,0.735
